Entity,Code,Year,Proportion of urban population living in slums (%)
Afghanistan,AFG,2006,63.6
Afghanistan,AFG,2008,63.6
Afghanistan,AFG,2010,64.81
Afghanistan,AFG,2012,67.25
Afghanistan,AFG,2014,69.69
Afghanistan,AFG,2016,72.13
Afghanistan,AFG,2018,73.3
Afghanistan,AFG,2020,73.3
Afghanistan,AFG,2022,71.59
Algeria,DZA,2006,30.8
Algeria,DZA,2008,30.8
Algeria,DZA,2010,30.8
Algeria,DZA,2012,28.89
Algeria,DZA,2014,24.98
Algeria,DZA,2016,21.08
Algeria,DZA,2018,17.17
Algeria,DZA,2020,13.27
Algeria,DZA,2022,13.25
Andorra,AND,2000,0
Andorra,AND,2002,0
Andorra,AND,2004,0
Andorra,AND,2006,0
Andorra,AND,2008,0
Andorra,AND,2010,0
Andorra,AND,2012,0
Andorra,AND,2014,0
Andorra,AND,2016,0
Andorra,AND,2018,0
Andorra,AND,2020,0
Andorra,AND,2022,0
Andorra,AND,2023,0
Andorra,AND,2024,0
Angola,AGO,2000,19.7
Angola,AGO,2002,19.7
Angola,AGO,2004,19.66
Angola,AGO,2006,25.79
Angola,AGO,2008,31.92
Angola,AGO,2010,38.05
Angola,AGO,2012,44.19
Angola,AGO,2014,50.32
Angola,AGO,2016,56.45
Angola,AGO,2018,62.58
Angola,AGO,2020,62.6
Angola,AGO,2022,62.7
Anguilla,AIA,2000,4.3
Anguilla,AIA,2002,3.85
Anguilla,AIA,2004,3.4
Anguilla,AIA,2006,3
Anguilla,AIA,2008,2.55
Anguilla,AIA,2010,2.1
Anguilla,AIA,2012,1.65
Anguilla,AIA,2014,1.45
Anguilla,AIA,2016,1.45
Anguilla,AIA,2022,1.45
Antigua and Barbuda,ATG,2010,2.65
Antigua and Barbuda,ATG,2012,2.65
Antigua and Barbuda,ATG,2014,2.65
Antigua and Barbuda,ATG,2016,2.65
Antigua and Barbuda,ATG,2018,2.65
Antigua and Barbuda,ATG,2020,2.65
Antigua and Barbuda,ATG,2022,2.65
Argentina,ARG,2000,20.29
Argentina,ARG,2002,19.57
Argentina,ARG,2004,18.84
Argentina,ARG,2006,18.11
Argentina,ARG,2008,17.39
Argentina,ARG,2010,16.66
Argentina,ARG,2012,15.94
Argentina,ARG,2014,15.2
Argentina,ARG,2016,14.5
Argentina,ARG,2018,14.5
Argentina,ARG,2020,14.5
Argentina,ARG,2022,14.5
Armenia,ARM,2000,12.8
Armenia,ARM,2002,12.31
Armenia,ARM,2004,11.82
Armenia,ARM,2006,11.33
Armenia,ARM,2008,10.84
Armenia,ARM,2010,10.35
Armenia,ARM,2012,9.86
Armenia,ARM,2014,9.37
Armenia,ARM,2016,8.88
Armenia,ARM,2018,8.39
Armenia,ARM,2020,8.39
Armenia,ARM,2022,8.39
Aruba,ABW,2000,0
Aruba,ABW,2002,0
Aruba,ABW,2004,0
Aruba,ABW,2006,0
Aruba,ABW,2008,0
Aruba,ABW,2010,0
Aruba,ABW,2012,0
Aruba,ABW,2014,0
Aruba,ABW,2016,0
Aruba,ABW,2018,0
Aruba,ABW,2020,0
Aruba,ABW,2022,0
Australia,AUS,2000,0.17
Australia,AUS,2002,0.17
Australia,AUS,2004,0.14
Australia,AUS,2006,0.12
Australia,AUS,2008,0.1
Australia,AUS,2010,0.09
Australia,AUS,2012,0.06
Australia,AUS,2014,0.05
Australia,AUS,2016,0.04
Australia,AUS,2018,0.04
Australia,AUS,2020,0.04
Australia,AUS,2022,0.04
Australia and New Zealand (UN SDG),,2000,0.14
Australia and New Zealand (UN SDG),,2001,0.14
Australia and New Zealand (UN SDG),,2002,0.14
Australia and New Zealand (UN SDG),,2003,0.13
Australia and New Zealand (UN SDG),,2004,0.12
Australia and New Zealand (UN SDG),,2005,0.11
Australia and New Zealand (UN SDG),,2006,0.1
Australia and New Zealand (UN SDG),,2007,0.1
Australia and New Zealand (UN SDG),,2008,0.09
Australia and New Zealand (UN SDG),,2009,0.08
Australia and New Zealand (UN SDG),,2010,0.07
Australia and New Zealand (UN SDG),,2011,0.06
Australia and New Zealand (UN SDG),,2012,0.05
Australia and New Zealand (UN SDG),,2013,0.05
Australia and New Zealand (UN SDG),,2014,0.04
Australia and New Zealand (UN SDG),,2015,0.03
Australia and New Zealand (UN SDG),,2016,0.03
Australia and New Zealand (UN SDG),,2017,0.03
Australia and New Zealand (UN SDG),,2018,0.03
Australia and New Zealand (UN SDG),,2019,0.03
Australia and New Zealand (UN SDG),,2020,0.03
Australia and New Zealand (UN SDG),,2021,0.03
Australia and New Zealand (UN SDG),,2022,0.03
Austria,AUT,2000,4.5
Austria,AUT,2002,4.4
Austria,AUT,2004,4.4
Austria,AUT,2006,4.4
Austria,AUT,2022,0.05
Azerbaijan,AZE,2000,50.94
Azerbaijan,AZE,2002,44.94
Azerbaijan,AZE,2004,38.93
Azerbaijan,AZE,2006,32.93
Azerbaijan,AZE,2008,26.93
Azerbaijan,AZE,2010,26.93
Azerbaijan,AZE,2012,26.93
Bahrain,BHR,2018,0
Bangladesh,BGD,2000,58.31
Bangladesh,BGD,2002,57.67
Bangladesh,BGD,2004,57.02
Bangladesh,BGD,2006,56.38
Bangladesh,BGD,2008,55.73
Bangladesh,BGD,2010,55.09
Bangladesh,BGD,2012,54.45
Bangladesh,BGD,2014,53.8
Bangladesh,BGD,2016,53.16
Bangladesh,BGD,2018,52.51
Bangladesh,BGD,2020,51.87
Bangladesh,BGD,2022,51.51
Belarus,BLR,1999,0.01
Belarus,BLR,2009,0.01
Belarus,BLR,2019,0
Belgium,BEL,2000,0
Belgium,BEL,2002,0
Belgium,BEL,2004,0
Belgium,BEL,2006,0
Belgium,BEL,2008,0
Belgium,BEL,2010,0
Belgium,BEL,2012,0
Belgium,BEL,2014,0
Belgium,BEL,2016,0
Belgium,BEL,2018,0
Belgium,BEL,2020,0
Belgium,BEL,2022,0
Belize,BLZ,2000,15.8
Belize,BLZ,2002,15.76
Belize,BLZ,2004,15.76
Belize,BLZ,2006,15.75
Belize,BLZ,2008,15.75
Belize,BLZ,2010,15.75
Belize,BLZ,2012,15.74
Belize,BLZ,2014,15.74
Belize,BLZ,2016,15.73
Belize,BLZ,2018,15.73
Belize,BLZ,2020,15.73
Belize,BLZ,2022,15.73
Benin,BEN,2000,71.87
Benin,BEN,2002,71.47
Benin,BEN,2004,71.08
Benin,BEN,2006,70.69
Benin,BEN,2008,70.29
Benin,BEN,2010,69.9
Benin,BEN,2012,69.51
Benin,BEN,2014,69.11
Benin,BEN,2016,68.72
Benin,BEN,2018,68.33
Benin,BEN,2020,67.93
Benin,BEN,2022,64.01
Bermuda,BMU,2000,0.01
Bermuda,BMU,2002,0.02
Bermuda,BMU,2004,0.03
Bermuda,BMU,2006,0.1
Bermuda,BMU,2008,0.1
Bermuda,BMU,2010,0.1
Bermuda,BMU,2012,0.1
Bermuda,BMU,2014,0.1
Bermuda,BMU,2016,0.1
Bermuda,BMU,2018,0.1
Bermuda,BMU,2020,0.1
Bermuda,BMU,2022,0.08
Bhutan,BTN,2000,57.6
Bhutan,BTN,2002,56.79
Bhutan,BTN,2004,55.97
Bhutan,BTN,2006,55.27
Bhutan,BTN,2008,54.48
Bhutan,BTN,2010,53.7
Bhutan,BTN,2012,52.94
Bhutan,BTN,2014,52.19
Bhutan,BTN,2016,51.44
Bhutan,BTN,2018,50.67
Bhutan,BTN,2020,50.43
Bhutan,BTN,2022,44.69
Bolivia,BOL,2000,57.94
Bolivia,BOL,2002,55.68
Bolivia,BOL,2004,53.42
Bolivia,BOL,2006,51.15
Bolivia,BOL,2008,48.89
Bolivia,BOL,2010,46.63
Bolivia,BOL,2012,46.63
Bolivia,BOL,2014,46.63
Bolivia,BOL,2022,46.63
Bosnia and Herzegovina,BIH,2000,5.1
Bosnia and Herzegovina,BIH,2002,5.1
Bosnia and Herzegovina,BIH,2004,5.1
Bosnia and Herzegovina,BIH,2006,4.9
Bosnia and Herzegovina,BIH,2008,4.7
Bosnia and Herzegovina,BIH,2010,4.5
Bosnia and Herzegovina,BIH,2012,4.3
Bosnia and Herzegovina,BIH,2014,4
Bosnia and Herzegovina,BIH,2016,4
Bosnia and Herzegovina,BIH,2018,4
Bosnia and Herzegovina,BIH,2020,0.31
Bosnia and Herzegovina,BIH,2022,0.31
Botswana,BWA,2000,58.69
Botswana,BWA,2002,56.57
Botswana,BWA,2004,54.45
Botswana,BWA,2006,52.32
Botswana,BWA,2008,50.2
Botswana,BWA,2010,48.08
Botswana,BWA,2012,45.96
Botswana,BWA,2014,43.83
Botswana,BWA,2016,41.71
Botswana,BWA,2018,39.59
Botswana,BWA,2020,39.6
Botswana,BWA,2022,39.6
Brazil,BRA,2000,34.74
Brazil,BRA,2002,31.43
Brazil,BRA,2004,28.13
Brazil,BRA,2006,24.82
Brazil,BRA,2008,21.51
Brazil,BRA,2010,18.2
Brazil,BRA,2012,14.9
Brazil,BRA,2014,14.9
Brazil,BRA,2016,14.9
Brazil,BRA,2022,14.9
British Virgin Islands,VGB,2000,3.46
British Virgin Islands,VGB,2002,3.17
British Virgin Islands,VGB,2004,2.87
British Virgin Islands,VGB,2006,2.58
British Virgin Islands,VGB,2008,2.28
British Virgin Islands,VGB,2010,1.99
British Virgin Islands,VGB,2012,1.64
British Virgin Islands,VGB,2014,1.64
British Virgin Islands,VGB,2016,1.64
British Virgin Islands,VGB,2018,0.14
British Virgin Islands,VGB,2020,0.14
British Virgin Islands,VGB,2022,0.14
Brunei,BRN,2000,37.41
Brunei,BRN,2002,35.79
Brunei,BRN,2004,34.13
Brunei,BRN,2006,32.36
Brunei,BRN,2008,30.57
Brunei,BRN,2010,28.77
Brunei,BRN,2012,27.04
Brunei,BRN,2014,25.3
Brunei,BRN,2016,23.54
Brunei,BRN,2018,22.44
Brunei,BRN,2020,21.73
Brunei,BRN,2022,21.6
Bulgaria,BGR,2000,0.05
Bulgaria,BGR,2002,0.1
Bulgaria,BGR,2004,0.1
Bulgaria,BGR,2006,0.1
Bulgaria,BGR,2008,0.15
Bulgaria,BGR,2010,0.15
Bulgaria,BGR,2012,0.15
Bulgaria,BGR,2014,0.2
Bulgaria,BGR,2016,0.2
Bulgaria,BGR,2018,0.2
Bulgaria,BGR,2020,0.25
Bulgaria,BGR,2022,0.2
Burkina Faso,BFA,2000,82.21
Burkina Faso,BFA,2002,76.65
Burkina Faso,BFA,2004,71.08
Burkina Faso,BFA,2006,65.51
Burkina Faso,BFA,2008,59.95
Burkina Faso,BFA,2010,54.38
Burkina Faso,BFA,2012,48.81
Burkina Faso,BFA,2014,43.25
Burkina Faso,BFA,2016,37.68
Burkina Faso,BFA,2018,32.12
Burkina Faso,BFA,2020,26.55
Burkina Faso,BFA,2022,87.88
Burundi,BDI,2000,79.7
Burundi,BDI,2002,79.7
Burundi,BDI,2004,77.04
Burundi,BDI,2006,71.68
Burundi,BDI,2008,66.32
Burundi,BDI,2010,60.96
Burundi,BDI,2012,55.59
Burundi,BDI,2014,50.23
Burundi,BDI,2016,44.87
Burundi,BDI,2018,39.51
Burundi,BDI,2020,36.8
Burundi,BDI,2022,36.75
Cambodia,KHM,2000,84.8
Cambodia,KHM,2002,79.2
Cambodia,KHM,2004,73.6
Cambodia,KHM,2006,67.9
Cambodia,KHM,2008,62.3
Cambodia,KHM,2010,56.6
Cambodia,KHM,2012,51
Cambodia,KHM,2014,45.4
Cambodia,KHM,2016,39.7
Cambodia,KHM,2018,39.7
Cambodia,KHM,2020,39.7
Cambodia,KHM,2022,42.27
Cameroon,CMR,2000,65.36
Cameroon,CMR,2002,62.09
Cameroon,CMR,2004,58.83
Cameroon,CMR,2006,55.56
Cameroon,CMR,2008,52.29
Cameroon,CMR,2010,49.02
Cameroon,CMR,2012,45.75
Cameroon,CMR,2014,42.48
Cameroon,CMR,2016,39.21
Cameroon,CMR,2018,35.94
Cameroon,CMR,2020,32.67
Cameroon,CMR,2022,32.67
Canada,CAN,2000,0.25
Canada,CAN,2002,0.25
Canada,CAN,2004,0.25
Canada,CAN,2006,0.3
Canada,CAN,2008,0.45
Canada,CAN,2010,0.5
Canada,CAN,2012,0.55
Canada,CAN,2014,0.65
Canada,CAN,2016,0.7
Canada,CAN,2018,0.8
Canada,CAN,2020,0.8
Canada,CAN,2022,1.1
Cape Verde,CPV,2000,70.87
Cape Verde,CPV,2002,68.63
Cape Verde,CPV,2004,66.26
Cape Verde,CPV,2006,63.83
Cape Verde,CPV,2008,61.43
Cape Verde,CPV,2010,58.95
Cape Verde,CPV,2012,56.46
Cape Verde,CPV,2014,53.94
Cape Verde,CPV,2016,51.4
Cape Verde,CPV,2018,49.2
Cape Verde,CPV,2020,46.68
Cape Verde,CPV,2022,46.41
Cayman Islands,CYM,2002,4.15
Cayman Islands,CYM,2004,4.15
Cayman Islands,CYM,2006,4.15
Cayman Islands,CYM,2008,4.15
Cayman Islands,CYM,2010,4.15
Cayman Islands,CYM,2012,4.15
Cayman Islands,CYM,2014,4.15
Cayman Islands,CYM,2016,4.15
Cayman Islands,CYM,2022,5.48
Central African Republic,CAF,2000,85.97
Central African Republic,CAF,2002,83.12
Central African Republic,CAF,2004,80.28
Central African Republic,CAF,2006,77.44
Central African Republic,CAF,2008,74.6
Central African Republic,CAF,2010,71.76
Central African Republic,CAF,2012,68.91
Central African Republic,CAF,2014,68.91
Central African Republic,CAF,2016,68.91
Central African Republic,CAF,2018,68.91
Central African Republic,CAF,2020,68.91
Central African Republic,CAF,2022,68.91
Central and Southern Asia (UN SDG),,2000,55.99
Central and Southern Asia (UN SDG),,2001,55.55
Central and Southern Asia (UN SDG),,2002,55.11
Central and Southern Asia (UN SDG),,2003,54.67
Central and Southern Asia (UN SDG),,2004,54.23
Central and Southern Asia (UN SDG),,2005,53.9
Central and Southern Asia (UN SDG),,2006,53.47
Central and Southern Asia (UN SDG),,2007,53.03
Central and Southern Asia (UN SDG),,2008,52.59
Central and Southern Asia (UN SDG),,2009,52.15
Central and Southern Asia (UN SDG),,2010,51.73
Central and Southern Asia (UN SDG),,2011,51.31
Central and Southern Asia (UN SDG),,2012,50.9
Central and Southern Asia (UN SDG),,2013,50.48
Central and Southern Asia (UN SDG),,2014,50.07
Central and Southern Asia (UN SDG),,2015,49.66
Central and Southern Asia (UN SDG),,2016,49.25
Central and Southern Asia (UN SDG),,2017,48.84
Central and Southern Asia (UN SDG),,2018,48.46
Central and Southern Asia (UN SDG),,2019,48.34
Central and Southern Asia (UN SDG),,2020,48.23
Central and Southern Asia (UN SDG),,2021,43.21
Central and Southern Asia (UN SDG),,2022,42.85
Chad,TCD,2000,91.58
Chad,TCD,2002,90.46
Chad,TCD,2004,89.33
Chad,TCD,2006,88.2
Chad,TCD,2008,87.07
Chad,TCD,2010,85.95
Chad,TCD,2012,84.82
Chad,TCD,2014,83.69
Chad,TCD,2016,82.57
Chad,TCD,2018,82
Chad,TCD,2020,82
Chad,TCD,2022,82
Chile,CHL,2000,14.62
Chile,CHL,2002,10.97
Chile,CHL,2004,7.32
Chile,CHL,2006,7.3
Chile,CHL,2008,7.3
Chile,CHL,2022,10
China,CHN,2022,26.32
Colombia,COL,2000,21.18
Colombia,COL,2002,19.83
Colombia,COL,2004,18.49
Colombia,COL,2006,17.14
Colombia,COL,2008,15.8
Colombia,COL,2010,14.45
Colombia,COL,2012,13.11
Colombia,COL,2014,11.77
Colombia,COL,2016,10.42
Colombia,COL,2018,9.7
Colombia,COL,2020,9.7
Colombia,COL,2022,9.7
Comoros,COM,2000,64.49
Comoros,COM,2002,65.09
Comoros,COM,2004,65.68
Comoros,COM,2006,66.27
Comoros,COM,2008,66.86
Comoros,COM,2010,67.45
Comoros,COM,2012,68.05
Comoros,COM,2014,68.64
Comoros,COM,2016,68.6
Comoros,COM,2018,68.6
Comoros,COM,2020,68.6
Comoros,COM,2022,48.5
Congo,COG,2000,87.81
Congo,COG,2002,87.81
Congo,COG,2004,84.69
Congo,COG,2006,78.46
Congo,COG,2008,72.23
Congo,COG,2010,65.99
Congo,COG,2012,59.76
Congo,COG,2014,53.53
Congo,COG,2016,47.3
Congo,COG,2018,44.18
Congo,COG,2020,44.18
Congo,COG,2022,75.34
Costa Rica,CRI,2000,12.7
Costa Rica,CRI,2002,11.78
Costa Rica,CRI,2004,10.87
Costa Rica,CRI,2006,9.95
Costa Rica,CRI,2008,9.04
Costa Rica,CRI,2010,8.12
Costa Rica,CRI,2012,7.21
Costa Rica,CRI,2014,6.29
Costa Rica,CRI,2016,5.38
Costa Rica,CRI,2018,4.46
Costa Rica,CRI,2020,3.55
Costa Rica,CRI,2022,3.55
Cote d'Ivoire,CIV,2000,67.08
Cote d'Ivoire,CIV,2002,65.54
Cote d'Ivoire,CIV,2004,64
Cote d'Ivoire,CIV,2006,62.45
Cote d'Ivoire,CIV,2008,60.91
Cote d'Ivoire,CIV,2010,59.37
Cote d'Ivoire,CIV,2012,57.83
Cote d'Ivoire,CIV,2014,56.29
Cote d'Ivoire,CIV,2016,54.75
Cote d'Ivoire,CIV,2018,53.21
Cote d'Ivoire,CIV,2020,53.21
Cote d'Ivoire,CIV,2022,48.26
Croatia,HRV,2000,0.4
Croatia,HRV,2002,0.4
Croatia,HRV,2004,0.4
Croatia,HRV,2006,0.35
Croatia,HRV,2008,0.35
Croatia,HRV,2010,0.35
Croatia,HRV,2012,0.3
Croatia,HRV,2014,0.3
Croatia,HRV,2016,0.25
Croatia,HRV,2018,0.25
Croatia,HRV,2020,0.25
Croatia,HRV,2022,0.53
Cuba,CUB,2000,2.15
Cuba,CUB,2002,2.15
Cuba,CUB,2004,2.15
Cuba,CUB,2006,3.2
Cuba,CUB,2008,4.25
Cuba,CUB,2010,5.3
Cuba,CUB,2012,6.35
Cuba,CUB,2014,7.4
Cuba,CUB,2016,8.44
Cuba,CUB,2018,9.49
Cuba,CUB,2020,10.54
Cuba,CUB,2022,11.04
Cyprus,CYP,2000,0.2
Cyprus,CYP,2002,0.2
Cyprus,CYP,2004,0.2
Cyprus,CYP,2006,0.25
Cyprus,CYP,2008,0.25
Cyprus,CYP,2010,0.25
Cyprus,CYP,2012,0.25
Cyprus,CYP,2014,0.25
Cyprus,CYP,2016,0.3
Cyprus,CYP,2018,0.3
Cyprus,CYP,2020,0.3
Cyprus,CYP,2022,0.27
Czechia,CZE,2000,0.05
Czechia,CZE,2002,0.05
Czechia,CZE,2004,0.05
Czechia,CZE,2006,0.05
Czechia,CZE,2008,0.05
Czechia,CZE,2010,0.05
Czechia,CZE,2012,0.05
Czechia,CZE,2014,0.05
Czechia,CZE,2016,0.05
Czechia,CZE,2018,0.05
Czechia,CZE,2020,0.05
Czechia,CZE,2022,0.03
Democratic Republic of Congo,COD,2002,71.91
Democratic Republic of Congo,COD,2004,71.91
Democratic Republic of Congo,COD,2006,72.37
Democratic Republic of Congo,COD,2008,73.3
Democratic Republic of Congo,COD,2010,74.22
Democratic Republic of Congo,COD,2012,75.14
Democratic Republic of Congo,COD,2014,76.06
Democratic Republic of Congo,COD,2016,76.98
Democratic Republic of Congo,COD,2018,77.9
Democratic Republic of Congo,COD,2020,78.36
Democratic Republic of Congo,COD,2022,78.36
Denmark,DNK,2000,0
Denmark,DNK,2002,0
Denmark,DNK,2004,0
Denmark,DNK,2006,0
Denmark,DNK,2008,0
Denmark,DNK,2010,0
Denmark,DNK,2012,0
Denmark,DNK,2014,0
Denmark,DNK,2016,0
Denmark,DNK,2018,0
Denmark,DNK,2020,0
Denmark,DNK,2022,0
Denmark,DNK,2023,0
Denmark,DNK,2024,0
Djibouti,DJI,2000,76.74
Djibouti,DJI,2002,74.76
Djibouti,DJI,2004,72.36
Djibouti,DJI,2006,69.89
Djibouti,DJI,2008,67.41
Djibouti,DJI,2010,64.82
Djibouti,DJI,2012,62.17
Djibouti,DJI,2014,59.53
Djibouti,DJI,2016,56.84
Djibouti,DJI,2018,53.37
Djibouti,DJI,2020,51.94
Djibouti,DJI,2022,48.69
Dominican Republic,DOM,2000,30.16
Dominican Republic,DOM,2002,27.79
Dominican Republic,DOM,2004,25.43
Dominican Republic,DOM,2006,23.07
Dominican Republic,DOM,2008,20.7
Dominican Republic,DOM,2010,18.34
Dominican Republic,DOM,2012,15.98
Dominican Republic,DOM,2014,13.61
Dominican Republic,DOM,2016,11.25
Dominican Republic,DOM,2018,11.25
Dominican Republic,DOM,2020,11.25
Dominican Republic,DOM,2022,11.25
East Timor,TLS,2004,56.1
East Timor,TLS,2006,56.1
East Timor,TLS,2008,54
East Timor,TLS,2010,50
East Timor,TLS,2012,46
East Timor,TLS,2014,42
East Timor,TLS,2016,37.9
East Timor,TLS,2018,33.9
East Timor,TLS,2020,33.9
East Timor,TLS,2022,33.92
Eastern and South-Eastern Asia (UN SDG),,2000,37.55
Eastern and South-Eastern Asia (UN SDG),,2001,36.73
Eastern and South-Eastern Asia (UN SDG),,2002,35.91
Eastern and South-Eastern Asia (UN SDG),,2003,35.11
Eastern and South-Eastern Asia (UN SDG),,2004,34.23
Eastern and South-Eastern Asia (UN SDG),,2005,33.34
Eastern and South-Eastern Asia (UN SDG),,2006,32.45
Eastern and South-Eastern Asia (UN SDG),,2007,31.55
Eastern and South-Eastern Asia (UN SDG),,2008,30.64
Eastern and South-Eastern Asia (UN SDG),,2009,29.74
Eastern and South-Eastern Asia (UN SDG),,2010,28.83
Eastern and South-Eastern Asia (UN SDG),,2011,27.96
Eastern and South-Eastern Asia (UN SDG),,2012,27.09
Eastern and South-Eastern Asia (UN SDG),,2013,26.21
Eastern and South-Eastern Asia (UN SDG),,2014,25.33
Eastern and South-Eastern Asia (UN SDG),,2015,24.44
Eastern and South-Eastern Asia (UN SDG),,2016,23.55
Eastern and South-Eastern Asia (UN SDG),,2017,22.99
Eastern and South-Eastern Asia (UN SDG),,2018,22.43
Eastern and South-Eastern Asia (UN SDG),,2019,21.79
Eastern and South-Eastern Asia (UN SDG),,2020,21.7
Eastern and South-Eastern Asia (UN SDG),,2021,24.79
Eastern and South-Eastern Asia (UN SDG),,2022,24.8
Ecuador,ECU,2000,57.41
Ecuador,ECU,2002,57.85
Ecuador,ECU,2004,57.8
Ecuador,ECU,2006,57.8
Ecuador,ECU,2022,57.8
Egypt,EGY,2000,42.23
Egypt,EGY,2002,36.72
Egypt,EGY,2004,31.21
Egypt,EGY,2006,25.7
Egypt,EGY,2008,20.19
Egypt,EGY,2010,14.68
Egypt,EGY,2012,9.17
Egypt,EGY,2014,3.65
Egypt,EGY,2016,0.9
Egypt,EGY,2018,0.9
Egypt,EGY,2020,0.9
Egypt,EGY,2022,3.84
El Salvador,SLV,2000,1.9
El Salvador,SLV,2002,49.5
El Salvador,SLV,2004,49.5
El Salvador,SLV,2006,46.49
El Salvador,SLV,2008,40.49
El Salvador,SLV,2010,34.49
El Salvador,SLV,2012,28.48
El Salvador,SLV,2014,22.48
El Salvador,SLV,2016,16.48
El Salvador,SLV,2018,16.5
El Salvador,SLV,2020,16.5
El Salvador,SLV,2022,16.48
Equatorial Guinea,GNQ,2000,52.92
Equatorial Guinea,GNQ,2002,60.09
Equatorial Guinea,GNQ,2004,58.83
Equatorial Guinea,GNQ,2006,59.17
Equatorial Guinea,GNQ,2008,59.86
Equatorial Guinea,GNQ,2010,60.6
Equatorial Guinea,GNQ,2012,61.42
Equatorial Guinea,GNQ,2014,62.39
Equatorial Guinea,GNQ,2016,63.47
Equatorial Guinea,GNQ,2018,64.67
Equatorial Guinea,GNQ,2020,64.92
Equatorial Guinea,GNQ,2022,64.69
Eritrea,ERI,2000,76.74
Eritrea,ERI,2002,74.76
Eritrea,ERI,2004,72.36
Eritrea,ERI,2006,69.89
Eritrea,ERI,2008,67.41
Eritrea,ERI,2010,64.82
Eritrea,ERI,2012,62.17
Eritrea,ERI,2014,59.53
Eritrea,ERI,2016,56.84
Eritrea,ERI,2018,53.37
Eritrea,ERI,2020,51.94
Eritrea,ERI,2022,48.69
Estonia,EST,2000,0.05
Estonia,EST,2002,0.05
Estonia,EST,2004,0.05
Estonia,EST,2006,0.1
Estonia,EST,2008,0.1
Estonia,EST,2010,0.1
Estonia,EST,2012,0.1
Estonia,EST,2014,0.1
Estonia,EST,2016,0.1
Estonia,EST,2018,0.1
Estonia,EST,2020,0.1
Estonia,EST,2022,0.35
Eswatini,SWZ,2000,55.35
Eswatini,SWZ,2002,55.35
Eswatini,SWZ,2004,55.35
Eswatini,SWZ,2006,47.93
Eswatini,SWZ,2008,40.5
Eswatini,SWZ,2010,33.08
Eswatini,SWZ,2012,25.66
Eswatini,SWZ,2014,18.23
Eswatini,SWZ,2016,10.81
Eswatini,SWZ,2018,10.81
Eswatini,SWZ,2020,10.81
Eswatini,SWZ,2022,17.01
Ethiopia,ETH,2000,92.17
Ethiopia,ETH,2002,89.08
Ethiopia,ETH,2004,85.98
Ethiopia,ETH,2006,82.89
Ethiopia,ETH,2008,79.79
Ethiopia,ETH,2010,76.7
Ethiopia,ETH,2012,73.6
Ethiopia,ETH,2014,70.5
Ethiopia,ETH,2016,67.41
Ethiopia,ETH,2018,64.31
Ethiopia,ETH,2020,64.31
Ethiopia,ETH,2022,64.31
Europe and Northern America (UN SDG),,2000,1.4
Europe and Northern America (UN SDG),,2001,1.4
Europe and Northern America (UN SDG),,2002,1.36
Europe and Northern America (UN SDG),,2003,1.32
Europe and Northern America (UN SDG),,2004,1.27
Europe and Northern America (UN SDG),,2005,1.21
Europe and Northern America (UN SDG),,2006,1.16
Europe and Northern America (UN SDG),,2007,1.1
Europe and Northern America (UN SDG),,2008,1.04
Europe and Northern America (UN SDG),,2009,0.99
Europe and Northern America (UN SDG),,2010,0.94
Europe and Northern America (UN SDG),,2011,0.91
Europe and Northern America (UN SDG),,2012,0.85
Europe and Northern America (UN SDG),,2013,0.8
Europe and Northern America (UN SDG),,2014,0.76
Europe and Northern America (UN SDG),,2015,0.74
Europe and Northern America (UN SDG),,2016,0.85
Europe and Northern America (UN SDG),,2017,0.83
Europe and Northern America (UN SDG),,2018,0.78
Europe and Northern America (UN SDG),,2019,0.72
Europe and Northern America (UN SDG),,2020,0.69
Europe and Northern America (UN SDG),,2021,0.67
Europe and Northern America (UN SDG),,2022,0.66
Fiji,FJI,2000,2.22
Fiji,FJI,2002,15
Fiji,FJI,2004,15
Fiji,FJI,2006,14.5
Fiji,FJI,2008,13.5
Fiji,FJI,2010,12.5
Fiji,FJI,2012,11.4
Fiji,FJI,2014,10.4
Fiji,FJI,2016,9.4
Fiji,FJI,2018,9.4
Fiji,FJI,2020,9.4
Fiji,FJI,2022,9.4
Finland,FIN,2000,0
Finland,FIN,2002,0
Finland,FIN,2004,0
Finland,FIN,2006,0
Finland,FIN,2008,0
Finland,FIN,2010,0
Finland,FIN,2012,0
Finland,FIN,2014,0
Finland,FIN,2016,0
Finland,FIN,2018,0
Finland,FIN,2020,0
Finland,FIN,2022,0
France,FRA,2000,0
France,FRA,2002,0
France,FRA,2004,0
France,FRA,2006,0
France,FRA,2008,0
France,FRA,2010,0
France,FRA,2012,0
France,FRA,2014,0
France,FRA,2016,0
France,FRA,2018,0
France,FRA,2020,0
France,FRA,2022,0
French Polynesia,PYF,2022,1.5
Gabon,GAB,2000,57.43
Gabon,GAB,2002,55.56
Gabon,GAB,2004,53.69
Gabon,GAB,2006,51.82
Gabon,GAB,2008,49.95
Gabon,GAB,2010,48.07
Gabon,GAB,2012,46.2
Gabon,GAB,2014,44.33
Gabon,GAB,2016,44.33
Gabon,GAB,2018,44.33
Gabon,GAB,2020,44.33
Gabon,GAB,2022,38.77
Gambia,GMB,2000,56.92
Gambia,GMB,2002,55.12
Gambia,GMB,2004,53.32
Gambia,GMB,2006,51.51
Gambia,GMB,2008,49.71
Gambia,GMB,2010,47.91
Gambia,GMB,2012,46.1
Gambia,GMB,2014,44.3
Gambia,GMB,2016,42.5
Gambia,GMB,2018,40.7
Gambia,GMB,2020,38.89
Gambia,GMB,2022,37.08
Georgia,GEO,2000,13.6
Georgia,GEO,2002,13.6
Georgia,GEO,2004,13.21
Georgia,GEO,2006,12.45
Georgia,GEO,2008,11.68
Georgia,GEO,2010,10.91
Georgia,GEO,2012,10.15
Georgia,GEO,2014,9.38
Georgia,GEO,2016,8.61
Georgia,GEO,2018,7.85
Georgia,GEO,2020,7.08
Georgia,GEO,2022,7.08
Germany,DEU,2000,0
Germany,DEU,2002,0
Germany,DEU,2004,0
Germany,DEU,2006,0
Germany,DEU,2008,0
Germany,DEU,2010,0
Germany,DEU,2012,0
Germany,DEU,2014,0
Germany,DEU,2016,0
Germany,DEU,2018,0
Germany,DEU,2020,0
Germany,DEU,2022,0
Ghana,GHA,2000,60.37
Ghana,GHA,2002,57.01
Ghana,GHA,2004,53.65
Ghana,GHA,2006,50.29
Ghana,GHA,2008,46.93
Ghana,GHA,2010,43.57
Ghana,GHA,2012,40.21
Ghana,GHA,2014,36.85
Ghana,GHA,2016,33.49
Ghana,GHA,2018,33.49
Ghana,GHA,2020,33.49
Ghana,GHA,2022,33.49
Gibraltar,GIB,2000,0
Gibraltar,GIB,2002,0
Gibraltar,GIB,2004,0
Gibraltar,GIB,2006,0
Gibraltar,GIB,2008,0
Gibraltar,GIB,2010,0
Gibraltar,GIB,2012,0
Gibraltar,GIB,2014,0
Gibraltar,GIB,2016,0
Gibraltar,GIB,2018,0
Gibraltar,GIB,2020,0
Gibraltar,GIB,2022,0
Greece,GRC,2000,0.25
Greece,GRC,2002,0.25
Greece,GRC,2004,0.25
Greece,GRC,2006,0.2
Greece,GRC,2008,0.15
Greece,GRC,2010,0.1
Greece,GRC,2012,0.05
Greece,GRC,2014,0.05
Greece,GRC,2016,0
Greece,GRC,2018,0
Greece,GRC,2020,0
Greece,GRC,2022,0
Guam,GUM,2022,0.55
Guatemala,GTM,2000,55.5
Guatemala,GTM,2002,53.26
Guatemala,GTM,2004,51.02
Guatemala,GTM,2006,48.79
Guatemala,GTM,2008,46.55
Guatemala,GTM,2010,44.31
Guatemala,GTM,2012,42.08
Guatemala,GTM,2014,39.84
Guatemala,GTM,2016,37.6
Guatemala,GTM,2018,37.6
Guatemala,GTM,2020,37.6
Guatemala,GTM,2022,37.6
Guinea,GIN,2000,40.67
Guinea,GIN,2002,41.5
Guinea,GIN,2004,42.33
Guinea,GIN,2006,43.17
Guinea,GIN,2008,44
Guinea,GIN,2010,44.84
Guinea,GIN,2012,45.67
Guinea,GIN,2014,46.5
Guinea,GIN,2016,47.34
Guinea,GIN,2018,48.17
Guinea,GIN,2020,49.01
Guinea,GIN,2022,43.96
Guinea-Bissau,GNB,2008,75.2
Guinea-Bissau,GNB,2010,75.2
Guinea-Bissau,GNB,2012,75.25
Guinea-Bissau,GNB,2014,71.64
Guinea-Bissau,GNB,2016,68.03
Guinea-Bissau,GNB,2018,64.42
Guinea-Bissau,GNB,2020,60.81
Guinea-Bissau,GNB,2022,59
Guyana,GUY,2000,26.1
Guyana,GUY,2002,26.1
Guyana,GUY,2004,25.32
Guyana,GUY,2006,23.67
Guyana,GUY,2008,22.02
Guyana,GUY,2010,20.38
Guyana,GUY,2012,18.73
Guyana,GUY,2014,17.08
Guyana,GUY,2016,15.43
Guyana,GUY,2018,13.79
Guyana,GUY,2020,12.14
Guyana,GUY,2022,11.3
Haiti,HTI,2000,61.28
Haiti,HTI,2002,59.98
Haiti,HTI,2004,58.67
Haiti,HTI,2006,57.37
Haiti,HTI,2008,56.06
Haiti,HTI,2010,54.76
Haiti,HTI,2012,53.45
Haiti,HTI,2014,52.14
Haiti,HTI,2016,50.84
Haiti,HTI,2018,49.53
Haiti,HTI,2020,48.9
Haiti,HTI,2022,51.06
Honduras,HND,2000,44.4
Honduras,HND,2002,44.4
Honduras,HND,2004,43.24
Honduras,HND,2006,40.9
Honduras,HND,2008,38.56
Honduras,HND,2010,36.22
Honduras,HND,2012,33.88
Honduras,HND,2014,31.54
Honduras,HND,2016,31.5
Honduras,HND,2018,31.5
Hong Kong,HKG,2022,1.75
Hungary,HUN,2000,15.4
Hungary,HUN,2002,14.2
Hungary,HUN,2004,12.9
Hungary,HUN,2006,11.6
Hungary,HUN,2008,10.4
Hungary,HUN,2010,9.1
Hungary,HUN,2012,7.9
Hungary,HUN,2014,7.2
Hungary,HUN,2016,7.2
Iceland,ISL,2000,0
Iceland,ISL,2002,0
Iceland,ISL,2004,0
Iceland,ISL,2006,0
Iceland,ISL,2008,0
Iceland,ISL,2010,0
Iceland,ISL,2012,0
Iceland,ISL,2014,0
Iceland,ISL,2016,0
Iceland,ISL,2018,0
Iceland,ISL,2020,0
Iceland,ISL,2022,0
India,IND,2018,5.41
India,IND,2019,5.41
Indonesia,IDN,2000,35.13
Indonesia,IDN,2002,33.47
Indonesia,IDN,2004,31.82
Indonesia,IDN,2006,30.16
Indonesia,IDN,2008,28.51
Indonesia,IDN,2010,26.85
Indonesia,IDN,2012,25.2
Indonesia,IDN,2014,23.55
Indonesia,IDN,2016,21.89
Indonesia,IDN,2018,20.24
Indonesia,IDN,2020,19.41
Indonesia,IDN,2022,19.41
Iran,IRN,2000,57.6
Iran,IRN,2002,56.79
Iran,IRN,2004,55.97
Iran,IRN,2006,55.27
Iran,IRN,2008,54.48
Iran,IRN,2010,53.7
Iran,IRN,2012,52.94
Iran,IRN,2014,52.19
Iran,IRN,2016,51.44
Iran,IRN,2018,50.67
Iran,IRN,2020,50.43
Iran,IRN,2022,44.69
Iraq,IRQ,2000,33.89
Iraq,IRQ,2002,35.44
Iraq,IRQ,2004,36.98
Iraq,IRQ,2006,38.53
Iraq,IRQ,2008,40.07
Iraq,IRQ,2010,41.62
Iraq,IRQ,2012,43.16
Iraq,IRQ,2014,44.71
Iraq,IRQ,2016,46.25
Iraq,IRQ,2018,47.79
Iraq,IRQ,2020,49.34
Iraq,IRQ,2022,49.34
Ireland,IRL,2000,6.2
Ireland,IRL,2002,6.4
Ireland,IRL,2004,6.7
Ireland,IRL,2006,6.9
Ireland,IRL,2008,7.2
Ireland,IRL,2010,7.5
Ireland,IRL,2012,7.7
Ireland,IRL,2014,8
Ireland,IRL,2016,8.3
Ireland,IRL,2018,8.5
Ireland,IRL,2020,8.5
Ireland,IRL,2022,8.5
Israel,ISR,2000,0
Israel,ISR,2002,0
Israel,ISR,2004,0
Israel,ISR,2006,0
Israel,ISR,2008,0
Israel,ISR,2010,0
Israel,ISR,2012,0
Israel,ISR,2014,0
Israel,ISR,2016,0
Israel,ISR,2018,0
Israel,ISR,2020,0
Israel,ISR,2022,0
Italy,ITA,2000,0.02
Italy,ITA,2002,0.02
Italy,ITA,2004,0.02
Italy,ITA,2006,0.02
Italy,ITA,2008,0.02
Italy,ITA,2010,0.02
Italy,ITA,2012,0.02
Italy,ITA,2014,0.02
Italy,ITA,2016,0.02
Italy,ITA,2018,0.02
Italy,ITA,2020,0.02
Italy,ITA,2022,0.02
Jamaica,JAM,2022,0.88
Japan,JPN,2022,2
Jordan,JOR,2014,12.9
Jordan,JOR,2018,23.4
Kazakhstan,KAZ,2000,24.46
Kazakhstan,KAZ,2002,21.67
Kazakhstan,KAZ,2004,18.89
Kazakhstan,KAZ,2006,16.11
Kazakhstan,KAZ,2008,13.32
Kazakhstan,KAZ,2010,10.54
Kazakhstan,KAZ,2012,7.75
Kazakhstan,KAZ,2014,4.97
Kazakhstan,KAZ,2016,2.19
Kazakhstan,KAZ,2018,0.79
Kazakhstan,KAZ,2020,0.79
Kazakhstan,KAZ,2022,0.79
Kenya,KEN,2000,63.18
Kenya,KEN,2002,61.64
Kenya,KEN,2004,60.09
Kenya,KEN,2006,58.55
Kenya,KEN,2008,57
Kenya,KEN,2010,55.45
Kenya,KEN,2012,53.91
Kenya,KEN,2014,52.36
Kenya,KEN,2016,50.81
Kenya,KEN,2018,50.81
Kenya,KEN,2020,50.81
Kenya,KEN,2022,40.5
Kiribati,KIR,2000,18.1
Kiribati,KIR,2002,16.8
Kiribati,KIR,2004,15.55
Kiribati,KIR,2006,14.35
Kiribati,KIR,2008,13.1
Kiribati,KIR,2010,11.8
Kiribati,KIR,2012,10.6
Kiribati,KIR,2014,9.35
Kiribati,KIR,2016,8.1
Kiribati,KIR,2018,6.85
Kiribati,KIR,2020,5.6
Kiribati,KIR,2022,5.93
Kuwait,KWT,2000,0
Kuwait,KWT,2002,0
Kuwait,KWT,2004,0
Kuwait,KWT,2006,0
Kuwait,KWT,2008,0
Kuwait,KWT,2010,0
Kuwait,KWT,2012,0
Kuwait,KWT,2014,0
Kuwait,KWT,2016,0
Kuwait,KWT,2018,0
Kuwait,KWT,2020,0
Kuwait,KWT,2022,0
Kyrgyzstan,KGZ,2000,47.16
Kyrgyzstan,KGZ,2002,42.69
Kyrgyzstan,KGZ,2004,38.21
Kyrgyzstan,KGZ,2006,33.74
Kyrgyzstan,KGZ,2008,29.27
Kyrgyzstan,KGZ,2010,24.8
Kyrgyzstan,KGZ,2012,20.33
Kyrgyzstan,KGZ,2014,15.86
Kyrgyzstan,KGZ,2016,11.38
Kyrgyzstan,KGZ,2018,6.91
Kyrgyzstan,KGZ,2020,2.44
Kyrgyzstan,KGZ,2022,2.44
Laos,LAO,2000,54.4
Laos,LAO,2002,51
Laos,LAO,2004,47.5
Laos,LAO,2006,44.1
Laos,LAO,2008,40.7
Laos,LAO,2010,37.3
Laos,LAO,2012,33.8
Laos,LAO,2014,30.4
Laos,LAO,2016,27
Laos,LAO,2018,23.6
Laos,LAO,2020,21.8
Laos,LAO,2022,54.84
Latin America and the Caribbean (UN SDG),,2000,31.86
Latin America and the Caribbean (UN SDG),,2001,31.26
Latin America and the Caribbean (UN SDG),,2002,30.22
Latin America and the Caribbean (UN SDG),,2003,29.17
Latin America and the Caribbean (UN SDG),,2004,28.15
Latin America and the Caribbean (UN SDG),,2005,27.19
Latin America and the Caribbean (UN SDG),,2006,26.2
Latin America and the Caribbean (UN SDG),,2007,24.55
Latin America and the Caribbean (UN SDG),,2008,23.41
Latin America and the Caribbean (UN SDG),,2009,22.89
Latin America and the Caribbean (UN SDG),,2010,21.78
Latin America and the Caribbean (UN SDG),,2011,20.69
Latin America and the Caribbean (UN SDG),,2012,19.22
Latin America and the Caribbean (UN SDG),,2013,18.79
Latin America and the Caribbean (UN SDG),,2014,18.35
Latin America and the Caribbean (UN SDG),,2015,17.44
Latin America and the Caribbean (UN SDG),,2016,17.02
Latin America and the Caribbean (UN SDG),,2017,17.96
Latin America and the Caribbean (UN SDG),,2018,17.91
Latin America and the Caribbean (UN SDG),,2019,17.65
Latin America and the Caribbean (UN SDG),,2020,17.7
Latin America and the Caribbean (UN SDG),,2021,16.88
Latin America and the Caribbean (UN SDG),,2022,16.91
Latvia,LVA,2000,2.85
Latvia,LVA,2002,2.75
Latvia,LVA,2004,2.4
Latvia,LVA,2006,2.15
Latvia,LVA,2008,1.85
Latvia,LVA,2010,1.6
Latvia,LVA,2012,1.3
Latvia,LVA,2014,1.05
Latvia,LVA,2016,0.8
Latvia,LVA,2018,0.6
Latvia,LVA,2020,0.6
Latvia,LVA,2022,0.59
Least Developed Countries (LDCs),,2000,64.99
Least Developed Countries (LDCs),,2001,65.31
Least Developed Countries (LDCs),,2002,66.62
Least Developed Countries (LDCs),,2003,66.06
Least Developed Countries (LDCs),,2004,65.73
Least Developed Countries (LDCs),,2005,65.48
Least Developed Countries (LDCs),,2006,65.28
Least Developed Countries (LDCs),,2007,64.94
Least Developed Countries (LDCs),,2008,64.61
Least Developed Countries (LDCs),,2009,64.27
Least Developed Countries (LDCs),,2010,63.94
Least Developed Countries (LDCs),,2011,63.6
Least Developed Countries (LDCs),,2012,63.3
Least Developed Countries (LDCs),,2013,62.99
Least Developed Countries (LDCs),,2014,62.71
Least Developed Countries (LDCs),,2015,62.42
Least Developed Countries (LDCs),,2016,62.18
Least Developed Countries (LDCs),,2017,62.01
Least Developed Countries (LDCs),,2018,61.85
Least Developed Countries (LDCs),,2019,61.54
Least Developed Countries (LDCs),,2020,61.22
Least Developed Countries (LDCs),,2021,61
Least Developed Countries (LDCs),,2022,60.92
Lebanon,LBN,2002,92.4
Lebanon,LBN,2004,92.4
Lebanon,LBN,2006,92.41
Lebanon,LBN,2008,67.3
Lebanon,LBN,2010,42.19
Lebanon,LBN,2012,17.09
Lebanon,LBN,2014,4.5
Lebanon,LBN,2016,4.5
Lebanon,LBN,2018,4.5
Lebanon,LBN,2020,4.5
Lebanon,LBN,2022,4.53
Lesotho,LSO,2000,62.73
Lesotho,LSO,2002,62.73
Lesotho,LSO,2004,58.6
Lesotho,LSO,2006,54.47
Lesotho,LSO,2008,50.34
Lesotho,LSO,2010,46.21
Lesotho,LSO,2012,42.08
Lesotho,LSO,2014,37.94
Lesotho,LSO,2016,33.81
Lesotho,LSO,2018,29.68
Lesotho,LSO,2020,25.55
Lesotho,LSO,2022,25.55
Liberia,LBR,2002,75.49
Liberia,LBR,2004,75.49
Liberia,LBR,2006,74.6
Liberia,LBR,2008,72.81
Liberia,LBR,2010,71.03
Liberia,LBR,2012,69.24
Liberia,LBR,2014,67.46
Liberia,LBR,2016,65.67
Liberia,LBR,2018,63.88
Liberia,LBR,2020,63.88
Liberia,LBR,2022,60.48
Libya,LBY,2000,39.15
Libya,LBY,2002,45.26
Libya,LBY,2004,41.59
Libya,LBY,2006,35.17
Libya,LBY,2008,30.98
Libya,LBY,2010,27.87
Libya,LBY,2012,24.3
Libya,LBY,2014,20.25
Libya,LBY,2016,17.24
Libya,LBY,2018,16.38
Libya,LBY,2020,23.68
Libya,LBY,2022,16.58
Lithuania,LTU,2000,4.15
Lithuania,LTU,2002,3.7
Lithuania,LTU,2004,3.3
Lithuania,LTU,2006,2.85
Lithuania,LTU,2008,2.4
Lithuania,LTU,2010,2
Lithuania,LTU,2011,0.03
Lithuania,LTU,2012,1.55
Lithuania,LTU,2014,1.1
Lithuania,LTU,2016,0.65
Lithuania,LTU,2018,0.25
Lithuania,LTU,2020,0.25
Lithuania,LTU,2021,0.05
Lithuania,LTU,2022,0.51
Luxembourg,LUX,2000,0
Luxembourg,LUX,2002,0
Luxembourg,LUX,2004,0
Luxembourg,LUX,2006,0
Luxembourg,LUX,2008,0.01
Luxembourg,LUX,2010,0.01
Luxembourg,LUX,2012,0.01
Luxembourg,LUX,2014,0.01
Luxembourg,LUX,2016,0.02
Luxembourg,LUX,2018,0.02
Luxembourg,LUX,2020,0.02
Luxembourg,LUX,2022,0.02
Macao,MAC,2022,0
Madagascar,MDG,2000,91.44
Madagascar,MDG,2002,89.03
Madagascar,MDG,2004,86.63
Madagascar,MDG,2006,84.23
Madagascar,MDG,2008,81.83
Madagascar,MDG,2010,79.43
Madagascar,MDG,2012,77.03
Madagascar,MDG,2014,74.62
Madagascar,MDG,2016,72.22
Madagascar,MDG,2018,69.82
Madagascar,MDG,2020,67.42
Madagascar,MDG,2022,65.72
Malawi,MWI,2000,81.41
Malawi,MWI,2002,77.9
Malawi,MWI,2004,74.38
Malawi,MWI,2006,70.87
Malawi,MWI,2008,67.35
Malawi,MWI,2010,63.84
Malawi,MWI,2012,60.33
Malawi,MWI,2014,56.81
Malawi,MWI,2016,53.3
Malawi,MWI,2018,49.78
Malawi,MWI,2020,49.78
Malawi,MWI,2022,37.97
Malaysia,MYS,2020,0.2
Maldives,MDV,2004,41.53
Maldives,MDV,2006,41.53
Maldives,MDV,2008,40.98
Maldives,MDV,2010,39.86
Maldives,MDV,2012,38.75
Maldives,MDV,2014,37.63
Maldives,MDV,2016,36.52
Maldives,MDV,2018,35.4
Maldives,MDV,2020,34.85
Maldives,MDV,2022,34.85
Mali,MLI,2000,83.88
Mali,MLI,2002,79.68
Mali,MLI,2004,75.49
Mali,MLI,2006,71.29
Mali,MLI,2008,67.1
Mali,MLI,2010,62.9
Mali,MLI,2012,58.71
Mali,MLI,2014,54.51
Mali,MLI,2016,50.32
Mali,MLI,2018,46.12
Mali,MLI,2020,41.93
Mali,MLI,2022,92.5
Malta,MLT,2000,0.04
Malta,MLT,2002,0.04
Malta,MLT,2004,0.04
Malta,MLT,2006,0.04
Malta,MLT,2008,0.04
Malta,MLT,2010,0.04
Malta,MLT,2012,0.04
Malta,MLT,2014,0.04
Malta,MLT,2016,0.04
Malta,MLT,2018,0.04
Malta,MLT,2020,0.04
Malta,MLT,2022,0.04
Marshall Islands,MHL,2002,2.2
Marshall Islands,MHL,2004,2.2
Marshall Islands,MHL,2006,2
Marshall Islands,MHL,2008,1.65
Marshall Islands,MHL,2010,1.35
Marshall Islands,MHL,2012,1
Marshall Islands,MHL,2014,0.75
Marshall Islands,MHL,2016,0.45
Marshall Islands,MHL,2018,0.1
Marshall Islands,MHL,2020,2.22
Marshall Islands,MHL,2022,2.38
Martinique,MTQ,2022,0.39
Mauritania,MRT,2000,84.69
Mauritania,MRT,2002,81.32
Mauritania,MRT,2004,77.94
Mauritania,MRT,2006,74.56
Mauritania,MRT,2008,71.19
Mauritania,MRT,2010,67.81
Mauritania,MRT,2012,64.43
Mauritania,MRT,2014,61.06
Mauritania,MRT,2016,57.68
Mauritania,MRT,2018,56
Mauritania,MRT,2020,56
Mauritania,MRT,2022,58.56
Mauritius,MUS,2000,76.74
Mauritius,MUS,2002,74.76
Mauritius,MUS,2004,72.36
Mauritius,MUS,2006,69.89
Mauritius,MUS,2008,67.41
Mauritius,MUS,2010,64.82
Mauritius,MUS,2012,62.17
Mauritius,MUS,2014,59.53
Mauritius,MUS,2016,56.84
Mauritius,MUS,2018,53.37
Mauritius,MUS,2020,51.94
Mauritius,MUS,2022,48.69
Mayotte,MYT,2000,76.74
Mayotte,MYT,2002,74.76
Mayotte,MYT,2004,72.36
Mayotte,MYT,2006,69.89
Mayotte,MYT,2008,67.41
Mayotte,MYT,2010,64.82
Mayotte,MYT,2012,62.17
Mayotte,MYT,2014,59.53
Mayotte,MYT,2016,56.84
Mayotte,MYT,2018,53.37
Mayotte,MYT,2020,51.94
Mayotte,MYT,2022,48.69
Mexico,MEX,2000,32.16
Mexico,MEX,2002,30.45
Mexico,MEX,2004,28.73
Mexico,MEX,2006,27.02
Mexico,MEX,2008,25.3
Mexico,MEX,2010,23.59
Mexico,MEX,2012,21.87
Mexico,MEX,2014,20.16
Mexico,MEX,2016,18.44
Mexico,MEX,2018,17.6
Mexico,MEX,2020,17.6
Mexico,MEX,2022,17.6
Moldova,MDA,2000,26.5
Moldova,MDA,2002,23.7
Moldova,MDA,2004,20.8
Moldova,MDA,2006,18
Moldova,MDA,2008,15.1
Moldova,MDA,2010,12.3
Moldova,MDA,2012,9.4
Moldova,MDA,2014,6.5
Moldova,MDA,2016,6.5
Moldova,MDA,2018,6.5
Monaco,MCO,2000,0
Monaco,MCO,2002,0
Monaco,MCO,2004,0
Monaco,MCO,2006,0
Monaco,MCO,2008,0
Monaco,MCO,2010,0
Monaco,MCO,2012,0
Monaco,MCO,2014,0
Monaco,MCO,2016,0
Monaco,MCO,2018,0
Monaco,MCO,2020,0
Monaco,MCO,2022,0
Mongolia,MNG,2000,57.6
Mongolia,MNG,2002,53.63
Mongolia,MNG,2004,49.66
Mongolia,MNG,2006,45.69
Mongolia,MNG,2008,41.71
Mongolia,MNG,2010,37.74
Mongolia,MNG,2012,33.77
Mongolia,MNG,2014,29.8
Mongolia,MNG,2016,25.82
Mongolia,MNG,2018,21.85
Mongolia,MNG,2020,17.88
Mongolia,MNG,2022,17.88
Montenegro,MNE,2000,19.1
Montenegro,MNE,2002,19.1
Montenegro,MNE,2004,18.5
Montenegro,MNE,2006,17.3
Montenegro,MNE,2008,16.1
Montenegro,MNE,2010,14.9
Montenegro,MNE,2012,13.6
Montenegro,MNE,2014,12.4
Montenegro,MNE,2016,11.2
Montenegro,MNE,2018,10
Montenegro,MNE,2020,8.8
Montenegro,MNE,2022,8.77
Morocco,MAR,2000,33.15
Morocco,MAR,2002,30.37
Morocco,MAR,2004,27.58
Morocco,MAR,2006,24.79
Morocco,MAR,2008,22
Morocco,MAR,2010,19.21
Morocco,MAR,2012,16.43
Morocco,MAR,2014,13.64
Morocco,MAR,2016,10.85
Morocco,MAR,2018,10.85
Morocco,MAR,2020,10.85
Morocco,MAR,2022,10.85
Mozambique,MOZ,2000,90.1
Mozambique,MOZ,2002,86.58
Mozambique,MOZ,2004,83.07
Mozambique,MOZ,2006,79.55
Mozambique,MOZ,2008,76.04
Mozambique,MOZ,2010,72.53
Mozambique,MOZ,2012,69.01
Mozambique,MOZ,2014,65.5
Mozambique,MOZ,2016,61.99
Mozambique,MOZ,2018,58.47
Mozambique,MOZ,2020,54.96
Mozambique,MOZ,2022,54.96
Myanmar,MMR,2000,29.4
Myanmar,MMR,2002,32.61
Myanmar,MMR,2004,35.82
Myanmar,MMR,2006,39.03
Myanmar,MMR,2008,42.24
Myanmar,MMR,2010,45.44
Myanmar,MMR,2012,48.65
Myanmar,MMR,2014,51.86
Myanmar,MMR,2016,55.07
Myanmar,MMR,2018,58.28
Myanmar,MMR,2020,58.28
Myanmar,MMR,2022,58.28
Namibia,NAM,2000,42.56
Namibia,NAM,2002,42.41
Namibia,NAM,2004,42.26
Namibia,NAM,2006,42.11
Namibia,NAM,2008,41.96
Namibia,NAM,2010,41.81
Namibia,NAM,2012,41.66
Namibia,NAM,2014,41.51
Namibia,NAM,2016,41.36
Namibia,NAM,2018,41.4
Namibia,NAM,2020,41.4
Namibia,NAM,2022,41.4
Nauru,NRU,2000,3.6
Nauru,NRU,2002,3.15
Nauru,NRU,2004,2.75
Nauru,NRU,2006,2.25
Nauru,NRU,2008,1.85
Nauru,NRU,2010,1.35
Nauru,NRU,2012,0.9
Nauru,NRU,2014,0.55
Nauru,NRU,2016,0.55
Nauru,NRU,2018,1.8
Nauru,NRU,2020,0.6
Nauru,NRU,2022,0.6
Nepal,NPL,2000,66.31
Nepal,NPL,2002,63.42
Nepal,NPL,2004,60.53
Nepal,NPL,2006,57.63
Nepal,NPL,2008,54.74
Nepal,NPL,2010,51.85
Nepal,NPL,2012,48.96
Nepal,NPL,2014,46.07
Nepal,NPL,2016,43.17
Nepal,NPL,2018,40.28
Nepal,NPL,2020,40.28
Nepal,NPL,2022,40.06
Netherlands,NLD,2000,0
Netherlands,NLD,2002,0
Netherlands,NLD,2004,0
Netherlands,NLD,2006,0
Netherlands,NLD,2008,0
Netherlands,NLD,2010,0
Netherlands,NLD,2012,0
Netherlands,NLD,2014,0
Netherlands,NLD,2016,0
Netherlands,NLD,2018,0
Netherlands,NLD,2020,0
Netherlands,NLD,2022,0
New Caledonia,NCL,2022,0.25
New Zealand,NZL,2000,0
New Zealand,NZL,2002,0
New Zealand,NZL,2004,0
New Zealand,NZL,2006,0
New Zealand,NZL,2008,0
New Zealand,NZL,2010,0
New Zealand,NZL,2012,0
New Zealand,NZL,2014,0
New Zealand,NZL,2016,0
New Zealand,NZL,2018,0
New Zealand,NZL,2020,0
New Zealand,NZL,2022,0
Nicaragua,NIC,2000,71.6
Nicaragua,NIC,2002,70.34
Nicaragua,NIC,2004,69.07
Nicaragua,NIC,2006,67.81
Nicaragua,NIC,2008,67.2
Nicaragua,NIC,2010,67.2
Nicaragua,NIC,2012,7.25
Nicaragua,NIC,2014,6.39
Nicaragua,NIC,2016,5.52
Nicaragua,NIC,2018,5.52
Nicaragua,NIC,2020,5.52
Niger,NER,2000,70.04
Niger,NER,2002,70.1
Niger,NER,2004,70.15
Niger,NER,2006,70.21
Niger,NER,2008,70.27
Niger,NER,2010,70.33
Niger,NER,2012,70.39
Niger,NER,2014,70.44
Niger,NER,2016,70.44
Niger,NER,2018,70.44
Niger,NER,2020,70.44
Niger,NER,2022,70.44
Nigeria,NGA,2000,74.11
Nigeria,NGA,2002,71.59
Nigeria,NGA,2004,69.08
Nigeria,NGA,2006,66.57
Nigeria,NGA,2008,64.06
Nigeria,NGA,2010,61.54
Nigeria,NGA,2012,59.03
Nigeria,NGA,2014,56.52
Nigeria,NGA,2016,54.01
Nigeria,NGA,2018,51.49
Nigeria,NGA,2020,48.98
Nigeria,NGA,2021,56
Nigeria,NGA,2022,48.5
North Korea,PRK,2022,23.04
North Macedonia,MKD,2000,1.3
North Macedonia,MKD,2002,1.3
North Macedonia,MKD,2004,1.3
North Macedonia,MKD,2006,1.15
North Macedonia,MKD,2008,1
North Macedonia,MKD,2010,0.8
North Macedonia,MKD,2012,0.65
North Macedonia,MKD,2014,0.5
North Macedonia,MKD,2016,0.3
North Macedonia,MKD,2018,0.15
North Macedonia,MKD,2020,0.15
North Macedonia,MKD,2022,0.28
Northern Africa and Western Asia (UN SDG),,2000,31.59
Northern Africa and Western Asia (UN SDG),,2001,30.51
Northern Africa and Western Asia (UN SDG),,2002,34.45
Northern Africa and Western Asia (UN SDG),,2003,33.54
Northern Africa and Western Asia (UN SDG),,2004,32.61
Northern Africa and Western Asia (UN SDG),,2005,30.8
Northern Africa and Western Asia (UN SDG),,2006,29.82
Northern Africa and Western Asia (UN SDG),,2007,28.65
Northern Africa and Western Asia (UN SDG),,2008,27.4
Northern Africa and Western Asia (UN SDG),,2009,26.27
Northern Africa and Western Asia (UN SDG),,2010,25.15
Northern Africa and Western Asia (UN SDG),,2011,24.07
Northern Africa and Western Asia (UN SDG),,2012,22.77
Northern Africa and Western Asia (UN SDG),,2013,21.36
Northern Africa and Western Asia (UN SDG),,2014,20.29
Northern Africa and Western Asia (UN SDG),,2015,19.23
Northern Africa and Western Asia (UN SDG),,2016,18.85
Northern Africa and Western Asia (UN SDG),,2017,18.74
Northern Africa and Western Asia (UN SDG),,2018,18.66
Northern Africa and Western Asia (UN SDG),,2019,18.74
Northern Africa and Western Asia (UN SDG),,2020,18.66
Northern Africa and Western Asia (UN SDG),,2021,17.68
Northern Africa and Western Asia (UN SDG),,2022,17.82
Northern Mariana Islands,MNP,2022,0.2
Norway,NOR,2000,0
Norway,NOR,2002,0
Norway,NOR,2004,0
Norway,NOR,2006,0
Norway,NOR,2008,0
Norway,NOR,2010,0
Norway,NOR,2012,0
Norway,NOR,2014,0
Norway,NOR,2016,0
Norway,NOR,2018,0
Norway,NOR,2020,0
Norway,NOR,2022,0
Oceania (UN SDG),,2000,16.98
Oceania (UN SDG),,2001,16
Oceania (UN SDG),,2002,15.99
Oceania (UN SDG),,2003,15.98
Oceania (UN SDG),,2004,15.98
Oceania (UN SDG),,2005,16
Oceania (UN SDG),,2006,15.9
Oceania (UN SDG),,2007,15.81
Oceania (UN SDG),,2008,15.71
Oceania (UN SDG),,2009,15.6
Oceania (UN SDG),,2010,15.5
Oceania (UN SDG),,2011,15.37
Oceania (UN SDG),,2012,15.26
Oceania (UN SDG),,2013,15.13
Oceania (UN SDG),,2014,15.03
Oceania (UN SDG),,2015,14.91
Oceania (UN SDG),,2016,14.84
Oceania (UN SDG),,2017,14.93
Oceania (UN SDG),,2018,15.03
Oceania (UN SDG),,2019,15.14
Oceania (UN SDG),,2020,15.25
Oceania (UN SDG),,2021,12.18
Oceania (UN SDG),,2022,12.18
Oman,OMN,2000,4.25
Oman,OMN,2002,4
Oman,OMN,2004,3.55
Oman,OMN,2006,2.9
Oman,OMN,2008,2.3
Oman,OMN,2010,1.65
Oman,OMN,2012,1
Oman,OMN,2014,0.5
Oman,OMN,2016,0.3
Oman,OMN,2018,0.15
Oman,OMN,2020,0
Oman,OMN,2022,0
Pakistan,PAK,2000,71.22
Pakistan,PAK,2002,69.7
Pakistan,PAK,2004,68.17
Pakistan,PAK,2006,66.65
Pakistan,PAK,2008,65.12
Pakistan,PAK,2010,63.6
Pakistan,PAK,2012,62.07
Pakistan,PAK,2014,60.55
Pakistan,PAK,2016,59.02
Pakistan,PAK,2018,57.5
Pakistan,PAK,2020,55.97
Pakistan,PAK,2022,55.97
Palau,PLW,2000,2.15
Palau,PLW,2002,1.95
Palau,PLW,2004,1.7
Palau,PLW,2006,1.5
Palau,PLW,2008,1.3
Palau,PLW,2010,1.05
Palau,PLW,2012,0.85
Palau,PLW,2014,0.65
Palau,PLW,2016,0.4
Palau,PLW,2018,0.3
Palau,PLW,2020,0.3
Palau,PLW,2022,0.62
Palestine,PSE,2000,3.97
Palestine,PSE,2002,30
Palestine,PSE,2004,30
Palestine,PSE,2006,29.07
Palestine,PSE,2008,27.16
Palestine,PSE,2010,25.26
Palestine,PSE,2012,23.35
Palestine,PSE,2014,21.44
Palestine,PSE,2016,19.54
Palestine,PSE,2017,45.1
Palestine,PSE,2018,19.5
Palestine,PSE,2020,19.5
Palestine,PSE,2022,19.5
Panama,PAN,2000,48.68
Panama,PAN,2002,44.36
Panama,PAN,2004,40.05
Panama,PAN,2006,35.74
Panama,PAN,2008,31.43
Panama,PAN,2010,27.12
Panama,PAN,2012,22.81
Panama,PAN,2014,18.5
Panama,PAN,2016,16.3
Panama,PAN,2018,16.3
Panama,PAN,2022,16.3
Papua New Guinea,PNG,2000,19.75
Papua New Guinea,PNG,2002,19.75
Papua New Guinea,PNG,2004,19.75
Papua New Guinea,PNG,2006,20.1
Papua New Guinea,PNG,2008,20.5
Papua New Guinea,PNG,2010,20.9
Papua New Guinea,PNG,2012,21.3
Papua New Guinea,PNG,2014,21.65
Papua New Guinea,PNG,2016,22
Papua New Guinea,PNG,2018,22.4
Papua New Guinea,PNG,2020,22.8
Papua New Guinea,PNG,2022,22.27
Paraguay,PRY,2000,42.03
Paraguay,PRY,2002,39.03
Paraguay,PRY,2004,36.03
Paraguay,PRY,2006,33.04
Paraguay,PRY,2008,30.04
Paraguay,PRY,2010,27.04
Paraguay,PRY,2012,24.04
Paraguay,PRY,2014,21.05
Paraguay,PRY,2016,18.05
Paraguay,PRY,2018,15.05
Paraguay,PRY,2020,15.1
Paraguay,PRY,2022,15.1
Peru,PER,2000,47.41
Peru,PER,2002,45.56
Peru,PER,2004,43.72
Peru,PER,2006,41.87
Peru,PER,2008,40.02
Peru,PER,2010,38.17
Peru,PER,2012,46.08
Peru,PER,2014,47.05
Peru,PER,2016,45.86
Peru,PER,2018,44.22
Peru,PER,2020,43.73
Peru,PER,2022,45.06
Peru,PER,2023,44.56
Philippines,PHL,2000,49.97
Philippines,PHL,2002,48.57
Philippines,PHL,2004,47.16
Philippines,PHL,2006,45.76
Philippines,PHL,2008,44.35
Philippines,PHL,2010,42.94
Philippines,PHL,2012,41.54
Philippines,PHL,2014,40.13
Philippines,PHL,2016,38.72
Philippines,PHL,2018,37.32
Philippines,PHL,2020,36.62
Philippines,PHL,2022,35.87
Poland,POL,2000,2.1
Poland,POL,2002,1.8
Poland,POL,2004,1.55
Poland,POL,2006,1.25
Poland,POL,2008,0.85
Poland,POL,2010,0.55
Poland,POL,2012,0.25
Poland,POL,2014,0.05
Poland,POL,2016,4.5
Poland,POL,2018,4.3
Poland,POL,2020,3.7
Poland,POL,2022,4.22
Portugal,PRT,2000,1.25
Portugal,PRT,2002,1.1
Portugal,PRT,2004,0.95
Portugal,PRT,2006,0.75
Portugal,PRT,2008,0.55
Portugal,PRT,2010,0.4
Portugal,PRT,2012,0.25
Portugal,PRT,2014,0.15
Portugal,PRT,2016,0.1
Portugal,PRT,2018,0.05
Portugal,PRT,2020,0.05
Portugal,PRT,2022,0.06
Qatar,QAT,2012,0
Qatar,QAT,2014,0
Qatar,QAT,2016,0
Qatar,QAT,2018,0
Qatar,QAT,2020,0
Qatar,QAT,2022,0
Qatar,QAT,2023,0
Reunion,REU,2000,76.74
Reunion,REU,2002,74.76
Reunion,REU,2004,72.36
Reunion,REU,2006,69.89
Reunion,REU,2008,67.41
Reunion,REU,2010,64.82
Reunion,REU,2012,62.17
Reunion,REU,2014,59.53
Reunion,REU,2016,56.84
Reunion,REU,2018,53.37
Reunion,REU,2020,51.94
Reunion,REU,2022,48.69
Romania,ROU,2000,0
Romania,ROU,2002,3.65
Romania,ROU,2004,3.65
Romania,ROU,2006,3.5
Romania,ROU,2008,3.25
Romania,ROU,2010,2.95
Romania,ROU,2012,2.65
Romania,ROU,2014,2.4
Romania,ROU,2016,2.1
Romania,ROU,2018,1.85
Romania,ROU,2020,1.55
Romania,ROU,2022,2.52
Russia,RUS,2000,3.65
Russia,RUS,2002,3.55
Russia,RUS,2004,3.5
Russia,RUS,2006,3.35
Russia,RUS,2008,3.3
Russia,RUS,2010,3.2
Russia,RUS,2012,3.15
Russia,RUS,2014,3
Russia,RUS,2016,2.9
Russia,RUS,2018,2.85
Russia,RUS,2020,2.75
Russia,RUS,2022,2.62
Rwanda,RWA,2000,71.42
Rwanda,RWA,2002,67.94
Rwanda,RWA,2004,64.46
Rwanda,RWA,2006,60.98
Rwanda,RWA,2008,57.5
Rwanda,RWA,2010,54.01
Rwanda,RWA,2012,50.53
Rwanda,RWA,2014,47.05
Rwanda,RWA,2016,43.57
Rwanda,RWA,2018,40.09
Rwanda,RWA,2020,38.35
Rwanda,RWA,2022,38.35
Saint Helena,SHN,2022,46.41
Saint Lucia,LCA,2000,4.85
Saint Lucia,LCA,2002,4.85
Saint Lucia,LCA,2004,4.5
Saint Lucia,LCA,2006,3.9
Saint Lucia,LCA,2008,3.35
Saint Lucia,LCA,2010,2.75
Saint Lucia,LCA,2012,2.2
Saint Lucia,LCA,2014,1.6
Saint Lucia,LCA,2016,1.05
Saint Lucia,LCA,2018,0.45
Saint Lucia,LCA,2020,0.45
Saint Lucia,LCA,2022,0.44
Saint Vincent and the Grenadines,VCT,2022,2.76
Samoa,WSM,2000,4.55
Samoa,WSM,2002,4.55
Samoa,WSM,2004,4.55
Samoa,WSM,2006,3.9
Samoa,WSM,2008,3.2
Samoa,WSM,2010,2.55
Samoa,WSM,2012,1.85
Samoa,WSM,2014,1.15
Samoa,WSM,2016,0.5
Samoa,WSM,2018,0.25
Samoa,WSM,2020,0.25
Samoa,WSM,2022,34.59
Sao Tome and Principe,STP,2004,61.4
Sao Tome and Principe,STP,2006,61.4
Sao Tome and Principe,STP,2008,60.4
Sao Tome and Principe,STP,2010,58.46
Sao Tome and Principe,STP,2012,56.52
Sao Tome and Principe,STP,2014,54.58
Sao Tome and Principe,STP,2016,52.64
Sao Tome and Principe,STP,2018,52.6
Sao Tome and Principe,STP,2020,52.6
Sao Tome and Principe,STP,2022,82.39
Saudi Arabia,SAU,2022,0.55
Senegal,SEN,2000,67.15
Senegal,SEN,2002,63.6
Senegal,SEN,2004,60.04
Senegal,SEN,2006,56.49
Senegal,SEN,2008,52.93
Senegal,SEN,2010,49.38
Senegal,SEN,2012,45.82
Senegal,SEN,2014,42.27
Senegal,SEN,2016,38.71
Senegal,SEN,2018,35.16
Senegal,SEN,2020,31.6
Senegal,SEN,2022,46.41
Serbia,SRB,2000,0.65
Serbia,SRB,2002,0.65
Serbia,SRB,2004,0.6
Serbia,SRB,2006,0.6
Serbia,SRB,2008,0.55
Serbia,SRB,2010,0.5
Serbia,SRB,2012,0.5
Serbia,SRB,2014,0.45
Serbia,SRB,2016,0.45
Serbia,SRB,2018,0.4
Serbia,SRB,2020,0.35
Serbia,SRB,2022,1.42
Seychelles,SYC,2000,76.74
Seychelles,SYC,2002,74.76
Seychelles,SYC,2004,72.36
Seychelles,SYC,2006,69.89
Seychelles,SYC,2008,67.41
Seychelles,SYC,2010,64.82
Seychelles,SYC,2012,62.17
Seychelles,SYC,2014,59.53
Seychelles,SYC,2016,56.84
Seychelles,SYC,2018,53.37
Seychelles,SYC,2020,51.94
Seychelles,SYC,2022,48.69
Sierra Leone,SLE,2000,73.9
Sierra Leone,SLE,2002,73.9
Sierra Leone,SLE,2004,72.55
Sierra Leone,SLE,2006,69.81
Sierra Leone,SLE,2008,67.07
Sierra Leone,SLE,2010,64.33
Sierra Leone,SLE,2012,61.6
Sierra Leone,SLE,2014,58.86
Sierra Leone,SLE,2016,56.12
Sierra Leone,SLE,2018,53.38
Sierra Leone,SLE,2020,50.65
Sierra Leone,SLE,2022,49.28
Singapore,SGP,2000,0
Singapore,SGP,2002,0
Singapore,SGP,2004,0
Singapore,SGP,2006,0
Singapore,SGP,2008,0
Singapore,SGP,2010,0
Singapore,SGP,2012,0
Singapore,SGP,2014,0
Singapore,SGP,2016,0
Singapore,SGP,2018,0
Singapore,SGP,2020,0
Singapore,SGP,2022,0
Singapore,SGP,2023,0
Sint Maarten (Dutch part),SXM,2022,2.89
Slovakia,SVK,2000,0.05
Slovakia,SVK,2002,0.05
Slovakia,SVK,2004,0.05
Slovakia,SVK,2006,0.05
Slovakia,SVK,2008,0.05
Slovakia,SVK,2010,0.05
Slovakia,SVK,2012,0.05
Slovakia,SVK,2014,0.05
Slovakia,SVK,2016,0.05
Slovakia,SVK,2018,0.05
Slovakia,SVK,2020,0.05
Slovakia,SVK,2022,0.07
Slovenia,SVN,2022,0.53
Small Island Developing States (SIDS),,2000,21
Small Island Developing States (SIDS),,2001,20.94
Small Island Developing States (SIDS),,2002,20.86
Small Island Developing States (SIDS),,2003,21.17
Small Island Developing States (SIDS),,2004,21.01
Small Island Developing States (SIDS),,2005,20.95
Small Island Developing States (SIDS),,2006,20.87
Small Island Developing States (SIDS),,2007,20.77
Small Island Developing States (SIDS),,2008,20.63
Small Island Developing States (SIDS),,2009,20.23
Small Island Developing States (SIDS),,2010,20.06
Small Island Developing States (SIDS),,2011,19.87
Small Island Developing States (SIDS),,2012,20.62
Small Island Developing States (SIDS),,2013,20.39
Small Island Developing States (SIDS),,2014,20.15
Small Island Developing States (SIDS),,2015,19.91
Small Island Developing States (SIDS),,2016,19.65
Small Island Developing States (SIDS),,2017,19.64
Small Island Developing States (SIDS),,2018,19.61
Small Island Developing States (SIDS),,2019,19.58
Small Island Developing States (SIDS),,2020,19.71
Small Island Developing States (SIDS),,2021,19.84
Small Island Developing States (SIDS),,2022,19.88
Solomon Islands,SLB,2000,10.4
Solomon Islands,SLB,2002,10.4
Solomon Islands,SLB,2004,10.4
Solomon Islands,SLB,2006,8.95
Solomon Islands,SLB,2008,7.5
Solomon Islands,SLB,2010,6.05
Solomon Islands,SLB,2012,4.6
Solomon Islands,SLB,2014,3.15
Solomon Islands,SLB,2016,2
Solomon Islands,SLB,2018,1.95
Solomon Islands,SLB,2020,1.95
Solomon Islands,SLB,2022,1.95
Somalia,SOM,2000,76.74
Somalia,SOM,2002,74.76
Somalia,SOM,2004,72.36
Somalia,SOM,2006,69.89
Somalia,SOM,2008,67.41
Somalia,SOM,2010,64.82
Somalia,SOM,2012,62.17
Somalia,SOM,2014,59.53
Somalia,SOM,2016,56.84
Somalia,SOM,2018,53.37
Somalia,SOM,2020,51.94
Somalia,SOM,2022,48.69
South Africa,ZAF,2000,27.61
South Africa,ZAF,2002,27.23
South Africa,ZAF,2004,26.85
South Africa,ZAF,2006,26.47
South Africa,ZAF,2008,26.09
South Africa,ZAF,2010,25.71
South Africa,ZAF,2012,25.32
South Africa,ZAF,2014,24.94
South Africa,ZAF,2016,24.56
South Africa,ZAF,2018,24.18
South Africa,ZAF,2020,24.2
South Africa,ZAF,2022,24.2
South Korea,KOR,2006,12.8
South Korea,KOR,2010,9.3
South Korea,KOR,2014,4.7
South Korea,KOR,2016,5.8
South Korea,KOR,2018,6.8
South Korea,KOR,2020,5.6
South Korea,KOR,2021,5.5
South Korea,KOR,2022,4.5
South Sudan,SSD,2002,99.8
South Sudan,SSD,2004,99.8
South Sudan,SSD,2006,99.8
South Sudan,SSD,2008,99.81
South Sudan,SSD,2010,97
South Sudan,SSD,2012,94.2
South Sudan,SSD,2014,94.2
South Sudan,SSD,2016,94.2
South Sudan,SSD,2018,94.2
South Sudan,SSD,2020,94.2
South Sudan,SSD,2022,94.2
Spain,ESP,2014,0.05
Spain,ESP,2016,0.05
Spain,ESP,2022,0.05
Sri Lanka,LKA,2000,57.6
Sri Lanka,LKA,2002,56.79
Sri Lanka,LKA,2004,55.97
Sri Lanka,LKA,2006,55.27
Sri Lanka,LKA,2008,54.48
Sri Lanka,LKA,2010,53.7
Sri Lanka,LKA,2012,52.94
Sri Lanka,LKA,2014,52.19
Sri Lanka,LKA,2016,51.44
Sri Lanka,LKA,2018,50.67
Sri Lanka,LKA,2020,50.43
Sri Lanka,LKA,2022,44.69
Sub-Saharan Africa (UN SDG),,2000,64.14
Sub-Saharan Africa (UN SDG),,2001,64.02
Sub-Saharan Africa (UN SDG),,2002,63.38
Sub-Saharan Africa (UN SDG),,2003,62.54
Sub-Saharan Africa (UN SDG),,2004,61.64
Sub-Saharan Africa (UN SDG),,2005,60.87
Sub-Saharan Africa (UN SDG),,2006,60.16
Sub-Saharan Africa (UN SDG),,2007,59.42
Sub-Saharan Africa (UN SDG),,2008,58.74
Sub-Saharan Africa (UN SDG),,2009,58.01
Sub-Saharan Africa (UN SDG),,2010,57.26
Sub-Saharan Africa (UN SDG),,2011,56.51
Sub-Saharan Africa (UN SDG),,2012,55.74
Sub-Saharan Africa (UN SDG),,2013,54.98
Sub-Saharan Africa (UN SDG),,2014,54.21
Sub-Saharan Africa (UN SDG),,2015,53.44
Sub-Saharan Africa (UN SDG),,2016,52.68
Sub-Saharan Africa (UN SDG),,2017,51.98
Sub-Saharan Africa (UN SDG),,2018,51.34
Sub-Saharan Africa (UN SDG),,2019,50.7
Sub-Saharan Africa (UN SDG),,2020,50.16
Sub-Saharan Africa (UN SDG),,2021,53.87
Sub-Saharan Africa (UN SDG),,2022,53.55
Sudan,SDN,2000,21.76
Sudan,SDN,2002,99.1
Sudan,SDN,2004,99.1
Sudan,SDN,2006,99.09
Sudan,SDN,2008,94
Sudan,SDN,2010,88.92
Sudan,SDN,2012,83.83
Sudan,SDN,2014,78.75
Sudan,SDN,2016,73.66
Sudan,SDN,2018,73.7
Sudan,SDN,2020,73.7
Sudan,SDN,2022,73.7
Suriname,SUR,2000,7.43
Suriname,SUR,2002,8.27
Suriname,SUR,2004,9.1
Suriname,SUR,2006,9.94
Suriname,SUR,2008,10.78
Suriname,SUR,2010,11.62
Suriname,SUR,2012,12.45
Suriname,SUR,2014,13.29
Suriname,SUR,2016,14.13
Suriname,SUR,2018,14.96
Suriname,SUR,2020,15.8
Suriname,SUR,2022,15.8
Sweden,SWE,2000,0.3
Sweden,SWE,2002,0.25
Sweden,SWE,2004,0.25
Sweden,SWE,2006,0.25
Sweden,SWE,2008,0.2
Sweden,SWE,2010,0.15
Sweden,SWE,2012,0.15
Sweden,SWE,2014,0.15
Sweden,SWE,2016,0.1
Sweden,SWE,2018,0.1
Sweden,SWE,2020,0.1
Sweden,SWE,2022,0.34
Switzerland,CHE,2000,0
Switzerland,CHE,2002,0
Switzerland,CHE,2004,0
Switzerland,CHE,2006,0
Switzerland,CHE,2008,0
Switzerland,CHE,2010,0
Switzerland,CHE,2012,0
Switzerland,CHE,2014,0
Switzerland,CHE,2016,0
Switzerland,CHE,2018,0
Switzerland,CHE,2020,0
Switzerland,CHE,2022,0
Syria,SYR,2000,30.7
Syria,SYR,2002,32.07
Syria,SYR,2004,31.31
Syria,SYR,2006,30.44
Syria,SYR,2008,28.53
Syria,SYR,2010,27
Syria,SYR,2012,25.43
Syria,SYR,2014,24.13
Syria,SYR,2016,23.92
Syria,SYR,2018,25.18
Syria,SYR,2020,25.58
Syria,SYR,2022,41.13
Tajikistan,TJK,2015,0.05
Tajikistan,TJK,2016,0.05
Tanzania,TZA,2000,81.33
Tanzania,TZA,2002,77.07
Tanzania,TZA,2004,72.81
Tanzania,TZA,2006,68.56
Tanzania,TZA,2008,64.3
Tanzania,TZA,2010,60.04
Tanzania,TZA,2012,55.78
Tanzania,TZA,2014,51.52
Tanzania,TZA,2016,47.27
Tanzania,TZA,2018,43.01
Tanzania,TZA,2020,40.88
Tanzania,TZA,2022,70.09
Thailand,THA,2019,2
Togo,TGO,2000,69.27
Togo,TGO,2002,66.03
Togo,TGO,2004,62.79
Togo,TGO,2006,59.54
Togo,TGO,2008,56.3
Togo,TGO,2010,53.06
Togo,TGO,2012,49.81
Togo,TGO,2014,46.57
Togo,TGO,2016,43.33
Togo,TGO,2018,40.08
Togo,TGO,2020,38.5
Togo,TGO,2022,38.46
Tonga,TON,2000,1.8
Tonga,TON,2002,1.8
Tonga,TON,2004,1.8
Tonga,TON,2006,1.65
Tonga,TON,2008,1.45
Tonga,TON,2010,1.25
Tonga,TON,2012,1.1
Tonga,TON,2014,0.95
Tonga,TON,2016,0.75
Tonga,TON,2018,0.6
Tonga,TON,2020,0.35
Tonga,TON,2022,0.31
Trinidad and Tobago,TTO,2000,11.06
Trinidad and Tobago,TTO,2002,11.06
Trinidad and Tobago,TTO,2004,11.06
Trinidad and Tobago,TTO,2006,10.28
Trinidad and Tobago,TTO,2008,9.5
Trinidad and Tobago,TTO,2010,8.72
Trinidad and Tobago,TTO,2012,7.94
Trinidad and Tobago,TTO,2014,7.5
Trinidad and Tobago,TTO,2016,7.5
Trinidad and Tobago,TTO,2022,8.63
Tunisia,TUN,2006,10.4
Tunisia,TUN,2008,10.4
Tunisia,TUN,2010,10.14
Tunisia,TUN,2012,9.64
Tunisia,TUN,2014,9.14
Tunisia,TUN,2016,8.64
Tunisia,TUN,2018,8.14
Tunisia,TUN,2020,7.64
Tunisia,TUN,2022,7.64
Turkey,TUR,2000,24.58
Turkey,TUR,2002,23.19
Turkey,TUR,2004,21.79
Turkey,TUR,2006,20.4
Turkey,TUR,2008,19.01
Turkey,TUR,2010,17.61
Turkey,TUR,2012,16.22
Turkey,TUR,2014,14.82
Turkey,TUR,2016,14.13
Turkey,TUR,2018,14.13
Turkey,TUR,2020,14.13
Turkey,TUR,2022,14.13
Turkmenistan,TKM,2000,10.5
Turkmenistan,TKM,2002,10.5
Turkmenistan,TKM,2004,10.51
Turkmenistan,TKM,2006,10.26
Turkmenistan,TKM,2008,10.01
Turkmenistan,TKM,2010,9.76
Turkmenistan,TKM,2012,9.51
Turkmenistan,TKM,2014,9.26
Turkmenistan,TKM,2016,9.01
Turkmenistan,TKM,2018,8.76
Turkmenistan,TKM,2020,8.51
Turkmenistan,TKM,2022,8.38
Turks and Caicos Islands,TCA,2022,0.63
Tuvalu,TUV,2000,2.18
Tuvalu,TUV,2002,4.25
Tuvalu,TUV,2004,4.25
Tuvalu,TUV,2006,3.75
Tuvalu,TUV,2008,2.55
Tuvalu,TUV,2010,1.45
Tuvalu,TUV,2012,0.35
Tuvalu,TUV,2014,1.21
Tuvalu,TUV,2016,1.1
Tuvalu,TUV,2018,1
Tuvalu,TUV,2020,0.89
Tuvalu,TUV,2022,50.9
Uganda,UGA,2000,80.9
Uganda,UGA,2002,78.21
Uganda,UGA,2004,75.52
Uganda,UGA,2006,72.83
Uganda,UGA,2008,70.15
Uganda,UGA,2010,67.46
Uganda,UGA,2012,64.77
Uganda,UGA,2014,62.08
Uganda,UGA,2016,59.39
Uganda,UGA,2018,56.7
Uganda,UGA,2020,54.01
Uganda,UGA,2022,52.68
Ukraine,UKR,2000,5
Ukraine,UKR,2002,5
Ukraine,UKR,2004,4.6
Ukraine,UKR,2006,3.9
Ukraine,UKR,2008,3.2
Ukraine,UKR,2010,2.5
Ukraine,UKR,2012,1.8
Ukraine,UKR,2014,1.1
Ukraine,UKR,2016,1.1
Ukraine,UKR,2018,1.1
United Arab Emirates,ARE,2000,0.7
United Arab Emirates,ARE,2002,0.95
United Arab Emirates,ARE,2004,0.95
United Arab Emirates,ARE,2006,0.95
United Arab Emirates,ARE,2008,0.8
United Arab Emirates,ARE,2010,0.65
United Arab Emirates,ARE,2012,0.5
United Arab Emirates,ARE,2014,0.4
United Arab Emirates,ARE,2016,0.25
United Arab Emirates,ARE,2018,0.1
United Arab Emirates,ARE,2020,0.23
United Arab Emirates,ARE,2022,0.11
United Kingdom,GBR,2000,0.1
United Kingdom,GBR,2002,0.1
United Kingdom,GBR,2004,0.1
United Kingdom,GBR,2006,0.1
United Kingdom,GBR,2008,0.1
United Kingdom,GBR,2010,0.1
United Kingdom,GBR,2012,0.1
United Kingdom,GBR,2014,0.1
United Kingdom,GBR,2016,0.1
United Kingdom,GBR,2018,0.1
United Kingdom,GBR,2020,0.1
United Kingdom,GBR,2022,0.16
United States,USA,2000,0.2
United States,USA,2002,0.2
United States,USA,2004,0.2
United States,USA,2006,0.2
United States,USA,2008,0.2
United States,USA,2010,0.2
United States,USA,2012,0.2
United States,USA,2014,0.2
United States,USA,2016,0.2
United States,USA,2018,0.15
United States,USA,2020,0.15
United States,USA,2022,0.09
United States Virgin Islands,VIR,2022,1.1
Uruguay,URY,2000,23.7
Uruguay,URY,2002,23.7
Uruguay,URY,2004,23.68
Uruguay,URY,2006,19.95
Uruguay,URY,2008,16.22
Uruguay,URY,2010,12.5
Uruguay,URY,2012,8.77
Uruguay,URY,2014,5.05
Uruguay,URY,2016,1.3
Uruguay,URY,2018,1.3
Uruguay,URY,2020,1.3
Uruguay,URY,2022,1.3
Uzbekistan,UZB,2000,29.46
Uzbekistan,UZB,2002,26.73
Uzbekistan,UZB,2004,23.97
Uzbekistan,UZB,2006,21.19
Uzbekistan,UZB,2008,18.41
Uzbekistan,UZB,2010,15.63
Uzbekistan,UZB,2012,12.84
Uzbekistan,UZB,2014,10.05
Uzbekistan,UZB,2016,7.29
Uzbekistan,UZB,2018,5.36
Uzbekistan,UZB,2020,4.53
Uzbekistan,UZB,2022,7.1
Vanuatu,VUT,2000,4.55
Vanuatu,VUT,2002,4.55
Vanuatu,VUT,2004,4.55
Vanuatu,VUT,2006,4.45
Vanuatu,VUT,2008,4.35
Vanuatu,VUT,2010,4.25
Vanuatu,VUT,2012,4.15
Vanuatu,VUT,2014,4
Vanuatu,VUT,2016,4.1
Vanuatu,VUT,2018,4.15
Vanuatu,VUT,2020,4.15
Vanuatu,VUT,2022,3.06
Venezuela,VEN,2000,27.82
Venezuela,VEN,2002,26.41
Venezuela,VEN,2004,25.7
Venezuela,VEN,2006,25.7
Venezuela,VEN,2022,25.7
Vietnam,VNM,2000,45.32
Vietnam,VNM,2002,40.37
Vietnam,VNM,2004,35.43
Vietnam,VNM,2006,30.49
Vietnam,VNM,2008,25.54
Vietnam,VNM,2010,20.6
Vietnam,VNM,2012,15.65
Vietnam,VNM,2014,10.71
Vietnam,VNM,2016,5.77
Vietnam,VNM,2018,5.77
Vietnam,VNM,2020,5.77
Vietnam,VNM,2022,32.5
Western Sahara,ESH,2000,39.15
Western Sahara,ESH,2002,45.26
Western Sahara,ESH,2004,41.59
Western Sahara,ESH,2006,35.17
Western Sahara,ESH,2008,30.98
Western Sahara,ESH,2010,27.87
Western Sahara,ESH,2012,24.3
Western Sahara,ESH,2014,20.25
Western Sahara,ESH,2016,17.24
Western Sahara,ESH,2018,16.38
Western Sahara,ESH,2020,23.68
Western Sahara,ESH,2022,16.58
World,OWID_WRL,2000,31.2
World,OWID_WRL,2001,30.93
World,OWID_WRL,2002,30.92
World,OWID_WRL,2003,30.54
World,OWID_WRL,2004,30.11
World,OWID_WRL,2005,29.65
World,OWID_WRL,2006,29.22
World,OWID_WRL,2007,28.66
World,OWID_WRL,2008,28.17
World,OWID_WRL,2009,27.76
World,OWID_WRL,2010,27.28
World,OWID_WRL,2011,26.8
World,OWID_WRL,2012,26.25
World,OWID_WRL,2013,25.83
World,OWID_WRL,2014,25.42
World,OWID_WRL,2015,24.95
World,OWID_WRL,2016,24.61
World,OWID_WRL,2017,24.55
World,OWID_WRL,2018,24.36
World,OWID_WRL,2019,24.17
World,OWID_WRL,2020,24.2
World,OWID_WRL,2021,24.7
World,OWID_WRL,2022,24.76
Yemen,YEM,2000,63.81
Yemen,YEM,2002,61.19
Yemen,YEM,2004,58.57
Yemen,YEM,2006,55.95
Yemen,YEM,2008,53.33
Yemen,YEM,2010,50.7
Yemen,YEM,2012,48.08
Yemen,YEM,2014,45.46
Yemen,YEM,2016,44.2
Yemen,YEM,2018,44.2
Yemen,YEM,2020,44.2
Yemen,YEM,2022,44.2
Zambia,ZMB,2000,63.78
Zambia,ZMB,2002,62.23
Zambia,ZMB,2004,60.68
Zambia,ZMB,2006,59.13
Zambia,ZMB,2008,57.57
Zambia,ZMB,2010,56.02
Zambia,ZMB,2012,54.47
Zambia,ZMB,2014,52.92
Zambia,ZMB,2016,51.36
Zambia,ZMB,2018,49.81
Zambia,ZMB,2020,48.26
Zambia,ZMB,2022,48.26
Zimbabwe,ZWE,2000,27.52
Zimbabwe,ZWE,2002,26.93
Zimbabwe,ZWE,2004,26.33
Zimbabwe,ZWE,2006,25.74
Zimbabwe,ZWE,2008,25.14
Zimbabwe,ZWE,2010,24.54
Zimbabwe,ZWE,2012,23.95
Zimbabwe,ZWE,2014,23.35
Zimbabwe,ZWE,2016,22.76
Zimbabwe,ZWE,2018,22.16
Zimbabwe,ZWE,2020,21.57
Zimbabwe,ZWE,2022,54.88